beb12,CompSci,CS27510,CS38110,CS21120,CS35910
beb12,CompSci,CS27020,CS10720,CS10110,CS21120,CS35810
beb12,CompSci,CS27020,CS25710,CS22120,CS12320,CS25010
beb12,CompSci,CS22120,CS38220,CS26110,CS10110,CS39620
beb12,CompSci,CS28310,CS25110,CS35810,CS10720,CS10110
beb12,CompSci,CS27510,CS22510,CS12320,CS35810,CS37420,CS38220
beb12,CompSci,CS35810,CS25010,CS22120,CS39820,CS25210
beb12,CompSci,CS25010,CS35810,CS12020,CS15020,CS36410
beb12,CompSci,CS22120,CS25010,CS15020,CS39820,CS27510
beb12,CompSci,CS34110,CS10410,CS39930,CS35910,CS20410,CS25710
beb12,CompSci,CS32310,CS26110,CS25010,CS31310,CS25110,CS25710
beb12,CompSci,CS35810,CS10110,CS39620,CS22310,CS27020,CS35910
beb12,CompSci,CS26110,CS32310,CS31310,CS22510,CS12510
beb12,CompSci,CS12510,CS35910,CS15020,CS36410,CS34110
beb12,CompSci,CS26210,CS10410,CS12320,CS25110,CS25010,CS35710
beb12,CompSci,CS18010,CS28310,CS25410,CS25710,CS20410
beb12,CompSci,CS26110,CS35710,CS32310,CS27510,CS18010
beb12,CompSci,CS34110,CS10410,CS18010,CS39930,CS36410
beb12,CompSci,CS27020,CS22310,CS38110,CS20410,CS27510
beb12,CompSci,CS24110,CS10720,CS32310,CS35910,CS20410
beb12,CompSci,CS25110,CS10720,CS12020,CS36510,CS28310,CS23710
beb12,CompSci,CS27020,CS35810,CS35910,CS25710,CS37420,CS12320
beb12,CompSci,CS38110,CS37420,CS26410,CS39930,CS21120,CS22310
beb12,CompSci,CS36110,CS39440,CS12020,CS12510,CS27510
beb12,CompSci,CS10410,CS26410,CS38110,CS25410
beb12,CompSci,CS39930,CS39440,CS20410,CS25710,CS36510
beb12,CompSci,CS26210,CS35910,CS32310,CS12510,CS23710
beb12,CompSci,CS37420,CS12320,CS27020,CS38220,CS26210
beb12,CompSci,CS35910,CS25410,CS35810,CS20410,CS37420
beb12,CompSci,CS39820,CS28310,CS22310,CS26210,CS36410
beb12,CompSci,CS39820,CS35810,CS10720,CS26210
beb12,CompSci,CS39620,CS37420,CS12320,CS35710,CS12510
beb12,CompSci,CS25210,CS10410,CS26210,CS34110,CS10110
beb12,CompSci,CS12020,CS10410,CS39620,CS39930,CS15020,CS36510
beb12,CompSci,CS35910,CS27020,CS25410,CS31310,CS15020
beb12,CompSci,CS15020,CS22120,CS38220,CS25210
beb12,CompSci,CS34110,CS39820,CS10720,CS12510,CS26410
beb12,CompSci,CS39930,CS36110,CS20410,CS10410,CS39620
beb12,CompSci,CS38220,CS35910,CS22120,CS27510,CS35810
beb12,CompSci,CS20410,CS22310,CS35910,CS10110,CS31310,CS26410
beb12,CompSci,CS22510,CS32310,CS20410,CS15020,CS38110
beb12,CompSci,CS36410,CS10110,CS15020,CS34110
beb12,CompSci,CS25010,CS39440,CS12510,CS27510,CS36510
beb12,CompSci,CS22510,CS10110,CS26110,CS15020
beb12,CompSci,CS10720,CS27020,CS35710,CS35910
beb12,CompSci,CS25010,CS36510,CS22510,CS22120,CS35910,CS15020
beb12,CompSci,CS39440,CS32310,CS36510,CS34110
beb12,CompSci,CS22310,CS38110,CS35710,CS25010,CS28310
beb12,CompSci,CS37420,CS34110,CS32310,CS39620,CS27020,CS31310
beb12,CompSci,CS25410,CS36410,CS35710,CS22310,CS39620
beb12,CompSci,CS27020,CS36110,CS35710,CS12020,CS32310
beb12,CompSci,CS31310,CS25710,CS39930,CS39440,CS35710,CS28310
beb12,CompSci,CS12020,CS37420,CS24110,CS36510
beb12,CompSci,CS35810,CS39930,CS27510,CS10720,CS28310
beb12,CompSci,CS35910,CS25010,CS32310,CS27510
beb12,CompSci,CS25210,CS18010,CS28310,CS10110,CS36410
beb12,CompSci,CS26110,CS27510,CS25010,CS39820,CS12020
beb12,CompSci,CS21120,CS39930,CS37420,CS10720,CS12020
beb12,CompSci,CS10410,CS27510,CS15020,CS39620,CS36410,CS35810
beb12,CompSci,CS35910,CS21120,CS25010,CS18010,CS27020,CS27510
beb12,CompSci,CS35910,CS12320,CS31310,CS38110,CS28310
beb12,CompSci,CS10110,CS23710,CS10720,CS25410,CS39620
beb12,CompSci,CS25210,CS28310,CS38110,CS35910,CS35810,CS26410
beb12,CompSci,CS31310,CS34110,CS27020,CS39820,CS25010,CS35710
beb12,CompSci,CS31310,CS39440,CS28310,CS24110,CS12510
beb12,CompSci,CS37420,CS10720,CS35910,CS26110,CS36510
beb12,CompSci,CS12020,CS27510,CS36110,CS27020,CS39930,CS18010
beb12,CompSci,CS22120,CS25710,CS12510,CS10720,CS15020
beb12,CompSci,CS28310,CS39930,CS35710,CS25210,CS31310,CS25010
beb12,CompSci,CS26110,CS22120,CS35910,CS36510,CS15020,CS39820
beb12,CompSci,CS22510,CS38110,CS10110,CS32310,CS37420,CS36110
beb12,CompSci,CS10720,CS20410,CS23710,CS35910,CS39440,CS32310
beb12,CompSci,CS38110,CS25710,CS39440,CS26210,CS18010
beb12,CompSci,CS27020,CS26110,CS10410,CS24110,CS25410,CS36110
beb12,CompSci,CS12020,CS31310,CS35710,CS21120,CS18010
beb12,CompSci,CS25110,CS35910,CS28310,CS39930,CS26110
beb12,CompSci,CS36510,CS23710,CS38110,CS39820,CS34110,CS25410
beb12,CompSci,CS25110,CS35710,CS22120,CS39620,CS22310
beb12,CompSci,CS15020,CS10110,CS34110,CS39620
beb12,CompSci,CS22120,CS34110,CS39620,CS18010,CS12020
beb12,CompSci,CS12020,CS39930,CS34110,CS35710,CS38110
beb12,CompSci,CS36510,CS39930,CS27510,CS26410,CS36110,CS38110
beb12,CompSci,CS39930,CS12320,CS25710,CS25410,CS27510,CS25010
beb12,CompSci,CS22310,CS18010,CS27020,CS37420,CS10720,CS36510
beb12,CompSci,CS36110,CS26210,CS38220,CS22120
beb12,CompSci,CS32310,CS25410,CS22510,CS26210,CS10410,CS37420
beb12,CompSci,CS23710,CS10110,CS35810,CS26210,CS35910
beb12,CompSci,CS26210,CS39820,CS20410,CS26110,CS22120
beb12,CompSci,CS39820,CS27510,CS26410,CS25410
beb12,CompSci,CS35910,CS25110,CS18010,CS10410,CS25010,CS26110
beb12,CompSci,CS10720,CS31310,CS18010,CS22310,CS39440
beb12,CompSci,CS36510,CS22120,CS25710,CS36110
beb12,CompSci,CS22310,CS15020,CS28310,CS23710
beb12,CompSci,CS21120,CS37420,CS34110,CS36110,CS39620
beb12,CompSci,CS15020,CS21120,CS23710,CS18010,CS25210
beb12,CompSci,CS12320,CS32310,CS22120,CS35910,CS36110,CS39820
beb12,CompSci,CS36510,CS35810,CS37420,CS12020,CS25210
beb12,CompSci,CS12020,CS25710,CS27020,CS36410,CS25410
beb12,CompSci,CS15020,CS10410,CS12510,CS10720,CS26110
beb12,CompSci,CS28310,CS38110,CS10720,CS39820,CS34110
beb12,CompSci,CS24110,CS38110,CS12510,CS39820,CS36510
beb12,CompSci,CS25210,CS10110,CS12510,CS28310,CS25110,CS36510
beb12,CompSci,CS15020,CS38110,CS24110,CS26210,CS39620
beb12,CompSci,CS12510,CS12020,CS27020,CS24110,CS37420
beb12,CompSci,CS37420,CS22510,CS25710,CS27510,CS36410
beb12,CompSci,CS12320,CS10720,CS37420,CS10410,CS36410
beb12,CompSci,CS32310,CS26410,CS26110,CS36410,CS25710,CS38110
beb12,CompSci,CS12510,CS22310,CS12320,CS36510,CS27510,CS39820
beb12,CompSci,CS32310,CS10410,CS36110,CS21120,CS23710
beb12,CompSci,CS27020,CS35910,CS25010,CS25710,CS39930
beb12,CompSci,CS25110,CS12320,CS12020,CS26110,CS24110
beb12,CompSci,CS18010,CS25410,CS22310,CS26110,CS38110
beb12,CompSci,CS39930,CS22510,CS23710,CS26110
beb12,CompSci,CS25210,CS26410,CS21120,CS37420,CS36410
beb12,CompSci,CS22310,CS26210,CS25710,CS38220,CS24110,CS21120
beb12,CompSci,CS37420,CS24110,CS32310,CS18010
beb12,CompSci,CS27020,CS31310,CS12320,CS25110,CS36110,CS12020
beb12,CompSci,CS10110,CS12020,CS28310,CS21120
beb12,CompSci,CS35910,CS22510,CS36110,CS20410
beb12,CompSci,CS38110,CS25110,CS35710,CS12020,CS39820
beb12,CompSci,CS36510,CS22510,CS22310,CS24110,CS35710,CS26410
beb12,CompSci,CS34110,CS25710,CS10720,CS12510,CS26210
beb12,CompSci,CS12510,CS10110,CS25010,CS28310
beb12,CompSci,CS12510,CS10110,CS25010,CS37420,CS36110
beb12,CompSci,CS39930,CS36510,CS31310,CS10720,CS38110
beb12,CompSci,CS35910,CS25210,CS36510,CS26110,CS39440
beb12,CompSci,CS36110,CS21120,CS10110,CS35810,CS27510,CS25710
beb12,CompSci,CS25010,CS10110,CS39440,CS26110,CS12020,CS10410
beb12,CompSci,CS21120,CS25110,CS12510,CS10410,CS25010,CS15020
beb12,CompSci,CS23710,CS32310,CS10410,CS27020
beb12,CompSci,CS27510,CS35710,CS12320,CS20410,CS15020
beb12,CompSci,CS39930,CS27020,CS22310,CS27510,CS34110,CS28310
beb12,CompSci,CS23710,CS26110,CS27020,CS28310,CS24110
beb12,CompSci,CS21120,CS37420,CS35910,CS31310,CS35710
beb12,CompSci,CS32310,CS25210,CS26410,CS39440,CS39930
beb12,CompSci,CS39820,CS24110,CS36410,CS12510,CS12320,CS26410
beb12,CompSci,CS15020,CS25010,CS34110,CS26110,CS25410,CS24110
beb12,CompSci,CS22510,CS10110,CS25410,CS27510,CS28310,CS23710
beb12,CompSci,CS25410,CS35810,CS36510,CS25010,CS15020
beb12,CompSci,CS36410,CS39820,CS39620,CS31310
beb12,CompSci,CS39930,CS32310,CS39620,CS28310,CS35910
beb12,CompSci,CS15020,CS37420,CS25010,CS28310,CS34110
beb12,CompSci,CS26210,CS22310,CS22510,CS22120,CS12320,CS32310
beb12,CompSci,CS32310,CS22510,CS23710,CS10110,CS39440
beb12,CompSci,CS39440,CS36110,CS35810,CS22120,CS36410,CS23710
beb12,CompSci,CS22120,CS25010,CS15020,CS36410,CS25210,CS21120
beb12,CompSci,CS25110,CS12320,CS35710,CS27020,CS21120,CS39820
beb12,CompSci,CS12020,CS25010,CS26410,CS25410,CS35910
beb12,CompSci,CS12510,CS12020,CS23710,CS26110,CS21120,CS35810
beb12,CompSci,CS20410,CS10110,CS15020,CS22120,CS38110
beb12,CompSci,CS35810,CS24110,CS12320,CS38110,CS31310,CS37420
beb12,CompSci,CS12020,CS25210,CS22510,CS10110,CS38220,CS22120
beb12,CompSci,CS39620,CS34110,CS38110,CS36410,CS25010
beb12,CompSci,CS25110,CS35910,CS37420,CS32310,CS21120
beb12,CompSci,CS22120,CS38220,CS20410,CS12510,CS25710,CS36110
beb12,CompSci,CS22510,CS10720,CS22120,CS35910,CS18010,CS12510
beb12,CompSci,CS12510,CS36410,CS36510,CS38220,CS22310
beb12,CompSci,CS26210,CS35910,CS25110,CS37420,CS39620
beb12,CompSci,CS21120,CS25210,CS39440,CS18010
beb12,CompSci,CS39620,CS28310,CS37420,CS25410,CS12020
beb12,CompSci,CS31310,CS12510,CS25210,CS10410
beb12,CompSci,CS10110,CS39930,CS39620,CS34110,CS38220,CS35810
beb12,CompSci,CS35710,CS12020,CS26110,CS25110
beb12,CompSci,CS28310,CS27020,CS39930,CS12020,CS25110,CS18010
beb12,CompSci,CS10410,CS36410,CS26210,CS25110
beb12,CompSci,CS38110,CS25010,CS39620,CS18010,CS10410
beb12,CompSci,CS38220,CS34110,CS36110,CS25110,CS38110,CS39930
beb12,CompSci,CS15020,CS36510,CS12320,CS38220,CS39820,CS26210
beb12,CompSci,CS38110,CS10720,CS36110,CS25710
beb12,CompSci,CS25210,CS25410,CS26410,CS25010,CS25710
beb12,CompSci,CS28310,CS25010,CS26210,CS34110
beb12,CompSci,CS36110,CS39440,CS34110,CS12510
beb12,CompSci,CS39620,CS28310,CS39930,CS39820,CS15020
beb12,CompSci,CS25710,CS25210,CS36410,CS26410,CS37420,CS10720
beb12,CompSci,CS27020,CS26210,CS12020,CS35910,CS31310
beb12,CompSci,CS37420,CS38110,CS12020,CS35810,CS10720
beb12,CompSci,CS10410,CS25110,CS27020,CS26210,CS26110
beb12,CompSci,CS25210,CS38110,CS36510,CS24110,CS10410
beb12,CompSci,CS18010,CS25110,CS20410,CS26410,CS15020,CS10410
beb12,CompSci,CS39440,CS10110,CS35910,CS27510,CS15020
beb12,CompSci,CS12320,CS22120,CS39440,CS36510,CS26410
beb12,CompSci,CS38220,CS18010,CS10110,CS26410
beb12,CompSci,CS32310,CS18010,CS25410,CS36410,CS26210,CS10720
beb12,CompSci,CS25710,CS12020,CS35710,CS25210,CS25010
beb12,CompSci,CS20410,CS39620,CS26410,CS36510,CS25110
beb12,CompSci,CS32310,CS34110,CS39440,CS25010,CS25210
beb12,CompSci,CS25110,CS34110,CS12020,CS36410,CS37420
beb12,CompSci,CS26110,CS22310,CS35810,CS20410,CS39620,CS26210
beb12,CompSci,CS22120,CS28310,CS15020,CS34110,CS38110,CS26110
beb12,CompSci,CS21120,CS26110,CS32310,CS12510
beb12,CompSci,CS39620,CS20410,CS25210,CS12510,CS27020,CS22310
beb12,CompSci,CS25110,CS39440,CS34110,CS26410,CS39620,CS39820
beb12,CompSci,CS31310,CS24110,CS26410,CS21120,CS22510
beb12,CompSci,CS35810,CS35910,CS18010,CS12020
beb12,CompSci,CS25010,CS25410,CS32310,CS36410,CS25210
beb12,CompSci,CS25410,CS26210,CS21120,CS39440,CS38220
beb12,CompSci,CS36510,CS38220,CS10410,CS25010
beb12,CompSci,CS34110,CS27510,CS35910,CS23710,CS10110,CS39820
beb12,CompSci,CS39820,CS38110,CS12510,CS37420,CS36110
bef4,CompSci,CS35710,CS23710,CS36410,CS39440,CS26210
bef4,CompSci,CS26110,CS25410,CS23710,CS35910,CS25010
bef4,CompSci,CS12510,CS34110,CS26410,CS27020,CS27510
bef4,CompSci,CS22120,CS25410,CS36410,CS39440,CS15020
bef4,CompSci,CS26110,CS24110,CS39440,CS27020,CS26410
bef4,CompSci,CS20410,CS25010,CS35810,CS18010,CS39440
bef4,CompSci,CS20410,CS39820,CS39620,CS39930,CS25010
bef4,CompSci,CS36110,CS39440,CS12320,CS25010,CS12020
bef4,CompSci,CS20410,CS15020,CS25410,CS38220,CS10410
bef4,CompSci,CS10110,CS39440,CS22310,CS25210,CS25710
bef4,CompSci,CS21120,CS26110,CS39620,CS18010,CS27020,CS10720
bef4,CompSci,CS25010,CS32310,CS35910,CS25110,CS10410,CS39930
bef4,CompSci,CS22310,CS27020,CS10410,CS38110,CS27510
bef4,CompSci,CS21120,CS35710,CS10410,CS37420,CS18010,CS38110
bef4,CompSci,CS32310,CS39620,CS26210,CS20410,CS27510
bef4,CompSci,CS12510,CS35810,CS39930,CS25410,CS38110
bef4,CompSci,CS38220,CS22510,CS34110,CS36410,CS35910,CS39620
bef4,CompSci,CS12320,CS26410,CS18010,CS25710,CS34110
bef4,CompSci,CS12510,CS15020,CS21120,CS38220,CS22120,CS10410
bef4,CompSci,CS28310,CS10410,CS36410,CS39620,CS27510
bef4,CompSci,CS12510,CS39440,CS26410,CS24110,CS12320,CS34110
bef4,CompSci,CS25710,CS31310,CS37420,CS27020,CS35810,CS39440
bef4,CompSci,CS34110,CS39820,CS35910,CS38110,CS10110,CS39620
bef4,CompSci,CS39930,CS37420,CS34110,CS39620
bef4,CompSci,CS25210,CS35710,CS25110,CS20410,CS26110,CS31310
bef4,CompSci,CS10410,CS26210,CS27510,CS25410,CS25010
bef4,CompSci,CS25110,CS25010,CS10720,CS22510,CS31310
bef4,CompSci,CS31310,CS21120,CS25210,CS25410,CS39620
bef4,CompSci,CS25410,CS25210,CS20410,CS26210,CS25110
bef4,CompSci,CS26410,CS27510,CS36110,CS22510
bef4,CompSci,CS36110,CS21120,CS35810,CS20410,CS10720
bef4,CompSci,CS39930,CS26110,CS35710,CS10720,CS32310,CS18010
bef4,CompSci,CS37420,CS12020,CS36110,CS10410
bef4,CompSci,CS28310,CS39820,CS36410,CS38220,CS12510
bef4,CompSci,CS38110,CS22310,CS24110,CS36510,CS35910,CS39930
bef4,CompSci,CS12020,CS12320,CS36510,CS26210,CS35910
bef4,CompSci,CS39930,CS27510,CS25710,CS39620,CS39820
bef4,CompSci,CS12510,CS32310,CS18010,CS27020,CS12020
bef4,CompSci,CS22510,CS26210,CS25210,CS18010,CS25710,CS37420
bef4,CompSci,CS25010,CS35710,CS39440,CS35810,CS22310,CS26410
bef4,CompSci,CS22310,CS32310,CS18010,CS26210,CS25110
bef4,CompSci,CS35910,CS37420,CS38220,CS35810
bef4,CompSci,CS25410,CS10410,CS22120,CS28310
bef4,CompSci,CS10110,CS24110,CS38220,CS25710,CS26410
bef4,CompSci,CS39820,CS37420,CS25710,CS35710,CS18010
bef4,CompSci,CS34110,CS37420,CS28310,CS25010,CS26410,CS23710
bef4,CompSci,CS25010,CS22510,CS34110,CS35910,CS25410
bef4,CompSci,CS26210,CS39820,CS22510,CS12320,CS38110
bef4,CompSci,CS18010,CS10410,CS22310,CS25110,CS27020,CS28310
bef4,CompSci,CS39620,CS37420,CS38110,CS12320,CS22510
bef4,CompSci,CS27510,CS32310,CS25210,CS10110,CS35810,CS25010
bef4,CompSci,CS10410,CS35910,CS36110,CS21120,CS22510
bef4,CompSci,CS22310,CS25210,CS10110,CS20410,CS26110
bef4,CompSci,CS27510,CS36110,CS23710,CS25410
bef4,CompSci,CS22310,CS15020,CS10720,CS18010
bef4,CompSci,CS24110,CS12020,CS35710,CS10110,CS37420
bef4,CompSci,CS37420,CS27020,CS25410,CS24110,CS26210
bef4,CompSci,CS36510,CS27020,CS38110,CS39440
bef4,CompSci,CS27020,CS23710,CS39620,CS10410,CS35910,CS10720
bef4,CompSci,CS26210,CS25710,CS27510,CS12510,CS34110
bef4,CompSci,CS27020,CS25010,CS36110,CS35710,CS39620
bef4,CompSci,CS10110,CS36110,CS22120,CS36510,CS20410
bef4,CompSci,CS10720,CS39440,CS28310,CS26110,CS25010
bef4,CompSci,CS36510,CS36110,CS34110,CS39930,CS24110
bef4,CompSci,CS12510,CS10410,CS36410,CS12320,CS25410,CS25710
bef4,CompSci,CS10410,CS22120,CS25710,CS23710,CS35810
bef4,CompSci,CS35710,CS12020,CS22310,CS37420,CS24110
bef4,CompSci,CS24110,CS27510,CS26110,CS31310,CS36110,CS39440
bef4,CompSci,CS36510,CS37420,CS26210,CS27020,CS26110,CS39620
bef4,CompSci,CS25710,CS26210,CS20410,CS10720,CS22310
bef4,CompSci,CS10410,CS12510,CS31310,CS22310,CS35710
bef4,CompSci,CS25010,CS32310,CS24110,CS35710,CS10410
bef4,CompSci,CS35910,CS25210,CS32310,CS34110,CS27510
bef4,CompSci,CS22310,CS22120,CS36410,CS39440,CS10110,CS12320
bef4,CompSci,CS12510,CS22120,CS22310,CS37420,CS36110
bef4,CompSci,CS31310,CS35810,CS32310,CS20410,CS38110,CS21120
bef4,CompSci,CS35910,CS39820,CS32310,CS39440,CS38220
bef4,CompSci,CS10110,CS36410,CS20410,CS34110,CS25410
bef4,CompSci,CS22510,CS15020,CS39620,CS27510,CS26110
bef4,CompSci,CS25710,CS39820,CS22510,CS35710,CS23710,CS31310
bef4,CompSci,CS36110,CS10110,CS26210,CS39440,CS25110
bef4,CompSci,CS39930,CS25410,CS37420,CS31310,CS32310
bef4,CompSci,CS39930,CS31310,CS25710,CS36110,CS25010,CS39440
bef4,CompSci,CS39440,CS15020,CS35710,CS10720,CS36110
bef4,CompSci,CS25210,CS12020,CS20410,CS35710,CS15020
bef4,CompSci,CS39820,CS22120,CS35910,CS27510,CS39930
bef4,CompSci,CS10410,CS10110,CS32310,CS26410,CS31310,CS22510
bef4,CompSci,CS27510,CS23710,CS12510,CS35910,CS25010
bef4,CompSci,CS35810,CS25210,CS32310,CS22510,CS36410
bef4,CompSci,CS35810,CS10720,CS38110,CS26410,CS28310,CS39820
bef4,CompSci,CS10110,CS38110,CS10720,CS25710,CS32310
bef4,CompSci,CS22310,CS10720,CS22120,CS39820,CS23710,CS36410
bef4,CompSci,CS12020,CS25410,CS22310,CS10110,CS27510,CS25110
bef4,CompSci,CS12320,CS31310,CS23710,CS22310,CS26410,CS36510
bef4,CompSci,CS25210,CS37420,CS12510,CS38220,CS39820,CS25110
bef4,CompSci,CS10720,CS22310,CS39440,CS35710,CS10110
bef4,CompSci,CS32310,CS15020,CS26410,CS26110,CS23710
bef4,CompSci,CS22510,CS22310,CS10110,CS39930,CS22120
bef4,CompSci,CS38110,CS10110,CS12320,CS26210,CS21120,CS22510
bef4,CompSci,CS25710,CS27510,CS36510,CS12320,CS32310
bef4,CompSci,CS36110,CS26410,CS28310,CS27020,CS22310
bef4,CompSci,CS26110,CS39820,CS18010,CS25110,CS26410
bef4,CompSci,CS27020,CS35710,CS35810,CS35910,CS18010
bef4,CompSci,CS39930,CS23710,CS20410,CS38220,CS36510
bef4,CompSci,CS10720,CS35810,CS20410,CS28310,CS27020
bef4,CompSci,CS22510,CS22310,CS22120,CS12020,CS24110
bef4,CompSci,CS25710,CS12320,CS26410,CS34110,CS37420,CS12020
bef4,CompSci,CS25110,CS38110,CS21120,CS26210,CS12320
bef4,CompSci,CS25710,CS39930,CS36410,CS12020,CS20410
bef4,CompSci,CS25010,CS10720,CS22120,CS39620,CS39440
bef4,CompSci,CS35710,CS27510,CS25210,CS39930,CS32310
bef4,CompSci,CS22310,CS25210,CS32310,CS15020,CS31310,CS22120
bef4,CompSci,CS36110,CS12320,CS10410,CS26410,CS38110
bef4,CompSci,CS22510,CS26210,CS36510,CS36110,CS35810,CS31310
bef4,CompSci,CS10720,CS28310,CS34110,CS39820
bef4,CompSci,CS25710,CS38220,CS35810,CS26410,CS10410,CS37420
bef4,CompSci,CS38110,CS28310,CS18010,CS10110,CS26110,CS21120
bef4,CompSci,CS26210,CS23710,CS22510,CS15020,CS39620
bef4,CompSci,CS25710,CS27020,CS22510,CS36410,CS12020
bef4,CompSci,CS27020,CS26210,CS22510,CS25210,CS35710
bef4,CompSci,CS32310,CS15020,CS10110,CS10720,CS25010
bef4,CompSci,CS35810,CS25710,CS39930,CS23710,CS28310
bef4,CompSci,CS34110,CS26210,CS12320,CS24110,CS12020,CS15020
bef4,CompSci,CS24110,CS26410,CS25010,CS35810,CS21120
bef4,CompSci,CS35810,CS10110,CS26410,CS25410,CS31310,CS21120
bef4,CompSci,CS26210,CS39930,CS39820,CS37420,CS39440,CS20410
bef4,CompSci,CS26410,CS35710,CS36110
bef4,CompSci,CS25710,CS25110,CS26110,CS38110,CS35710
bef4,CompSci,CS35910,CS21120,CS10720,CS34110,CS12020,CS37420
bef4,CompSci,CS25710,CS35910,CS32310,CS18010,CS39930
bef4,CompSci,CS26210,CS27020,CS38220
bef4,CompSci,CS27020,CS36510,CS35910,CS39620,CS25710
bef4,CompSci,CS26110,CS27510,CS37420,CS25010,CS39620
bef4,CompSci,CS18010,CS25410,CS35810,CS10720,CS22510
bef4,CompSci,CS12510,CS26110,CS25710,CS26410,CS15020
bef4,CompSci,CS12020,CS21120,CS22510,CS22310,CS28310
bef4,CompSci,CS22120,CS36410,CS28310,CS18010,CS39820,CS27510
bef4,CompSci,CS15020,CS22310,CS12020,CS18010,CS25710,CS39440
bef4,CompSci,CS36410,CS12510,CS26110,CS24110,CS38220
bef4,CompSci,CS39820,CS36110,CS20410,CS28310,CS26210
bef4,CompSci,CS12020,CS10410,CS38220,CS21120,CS27510
bef4,CompSci,CS36510,CS26110,CS23710,CS18010,CS21120
bef4,CompSci,CS22310,CS39930,CS12020,CS25710
bef4,CompSci,CS27510,CS39620,CS12510,CS34110,CS22310
bef4,CompSci,CS25110,CS39820,CS25010,CS26210,CS26110,CS18010
bef4,CompSci,CS31310,CS27510,CS35910,CS26210,CS20410,CS10410
bef4,CompSci,CS10110,CS25410,CS25110,CS22310,CS26210,CS36410
bef4,CompSci,CS10410,CS35810,CS37420,CS35910,CS36410
bef4,CompSci,CS26410,CS24110,CS22510,CS25010,CS39620
bef4,CompSci,CS15020,CS39820,CS36410,CS39620,CS23710,CS28310
bef4,CompSci,CS34110,CS25110,CS38220,CS23710,CS12320
bef4,CompSci,CS32310,CS15020,CS18010,CS39620,CS23710,CS35910
bef4,CompSci,CS26410,CS35810,CS39930,CS25110,CS22310,CS25210
bef4,CompSci,CS27510,CS39620,CS24110,CS12320,CS35910
bef4,CompSci,CS25110,CS27510,CS36110,CS26210,CS36510
bef4,CompSci,CS26110,CS39620,CS22510,CS28310,CS10410
bef4,CompSci,CS36410,CS25110,CS22510,CS15020,CS25710
bef4,CompSci,CS12320,CS25110,CS12510,CS39440
bef4,CompSci,CS26210,CS18010,CS10110,CS24110,CS10720
bef4,CompSci,CS20410,CS39440,CS36410,CS38220
bef4,CompSci,CS35910,CS28310,CS26210,CS39820,CS22510
bef4,CompSci,CS26210,CS31310,CS22310,CS35910,CS27020,CS24110
bef4,CompSci,CS31310,CS34110,CS38110,CS39930,CS12320
bef4,CompSci,CS21120,CS35710,CS35810,CS35910,CS34110,CS26210
bef4,CompSci,CS22310,CS22510,CS35810,CS25710,CS28310,CS10110
bef4,CompSci,CS25010,CS35810,CS26110,CS22510,CS39820,CS36510
bef4,CompSci,CS22310,CS38220,CS32310,CS24110
bef4,CompSci,CS35910,CS26110,CS24110,CS10410,CS27020,CS10720
bef4,CompSci,CS37420,CS10410,CS24110,CS10720,CS12510
bef4,CompSci,CS26410,CS38110,CS25710,CS26210,CS22510,CS38220
bef4,CompSci,CS15020,CS36510,CS26110,CS32310,CS31310
bef4,CompSci,CS27020,CS35710,CS12320,CS36410,CS38220
bef4,CompSci,CS39930,CS31310,CS25710,CS26410,CS27020
bef4,CompSci,CS26110,CS25110,CS39820,CS25710,CS10110,CS18010
bef4,CompSci,CS37420,CS12510,CS10410,CS31310,CS22310,CS25010
bef4,CompSci,CS26210,CS26110,CS35810,CS25410,CS18010
bef4,CompSci,CS38220,CS24110,CS35910,CS22510,CS23710,CS35810
bef4,CompSci,CS25710,CS23710,CS36110,CS31310,CS35910,CS27510
bef4,CompSci,CS25410,CS10720,CS31310,CS39620,CS26410
bef4,CompSci,CS12320,CS26410,CS24110,CS39620,CS36510
bef4,CompSci,CS35910,CS10410,CS31310,CS36110,CS38220
bef4,CompSci,CS25210,CS35910,CS15020,CS25110,CS32310
bef4,CompSci,CS36410,CS22120,CS24110,CS27020,CS10110
bef4,CompSci,CS10410,CS39440,CS31310,CS22310,CS39620,CS21120
bef4,CompSci,CS25410,CS37420,CS22510,CS26210,CS25710,CS36510
bef4,CompSci,CS22310,CS10410,CS38220,CS39620,CS22120
bef4,CompSci,CS37420,CS39620,CS25110,CS10410,CS39440
bef4,CompSci,CS32310,CS25110,CS35910,CS22510,CS27510,CS39440
bef4,CompSci,CS26110,CS35910,CS21120,CS10110,CS27020
bef4,CompSci,CS18010,CS34110,CS39440,CS26210,CS39620
bef4,CompSci,CS39930,CS12020,CS20410,CS12510,CS39620,CS27510
bef4,CompSci,CS36410,CS20410,CS10410,CS22120,CS39440
bef4,CompSci,CS39820,CS35810,CS38220,CS28310,CS10110
bef4,CompSci,CS12020,CS36110,CS28310,CS12320,CS22310
bef4,CompSci,CS39440,CS31310,CS28310,CS36410
bef4,CompSci,CS39620,CS25110,CS38220,CS10720
bef4,CompSci,CS39820,CS35810,CS31310,CS22510,CS36110
bef4,CompSci,CS25010,CS24110,CS12020,CS27020,CS21120,CS25210
bef4,CompSci,CS10720,CS12320,CS38220,CS34110,CS36410
bef4,CompSci,CS35710,CS32310,CS26210,CS18010,CS35910
bef4,CompSci,CS12020,CS25210,CS34110,CS36510,CS35910,CS22510
